12407;Maria Júlia Sampaio;mariajuliasampaio@hotmail.com
13726;Maria Fernanda Leite;mariafernandaleite@hotmail.com
14146;Sophia Correia;sophiacorreia@outlook.com
14510;Yago Fonseca;yagofonseca@outlook.com
15067;Lavínia Silva;laviniasilva@gmail.com
15280;Levi Braga;levibraga@hotmail.com
16047;Ayla Costa;aylacosta@hotmail.com
16483;Tomás Henriques;tomashenriques@outlook.com
16633;Clara Fonseca;clarafonseca@hotmail.com
17208;Maria Clara Vaz de Caminha;mariaclaravazdecaminha@hotmail.com
17256;Luan Nunes;luannunes@hotmail.com
17960;Maria Luiza Costa;marialuizacosta@gmail.com
18683;Murilo Coimbra;murilocoimbra@gmail.com
18917;Ana Liz Leite;analizleite@gmail.com
19792;Manuela Mendes;manuelamendes@gmail.com
20182;Arthur Gabriel Castro;arthurgabrielcastro@hotmail.com
20328;Ravi Mendes;ravimendes@hotmail.com
20571;Davi Lucca da Gama;daviluccadagama@outlook.com
21388;Isabelly Costa;isabellycosta@outlook.com