12407;Maria Júlia Sampaio;mariajuliasampaio@hotmail.com
13726;Maria Fernanda Leite;mariafernandaleite@hotmail.com
14146;Sophia Correia;sophiacorreia@outlook.com
14510;Yago Fonseca;yagofonseca@outlook.com
15067;Lavínia Silva;laviniasilva@gmail.com
15280;Levi Braga;levibraga@hotmail.com
16047;Ayla Costa;aylacosta@hotmail.com
16483;Tomás Henriques;tomashenriques@outlook.com
16633;Clara Fonseca;clarafonseca@hotmail.com
17208;Maria Clara Vaz de Caminha;mariaclaravazdecaminha@hotmail.com
17256;Luan Nunes;luannunes@hotmail.com
17960;Maria Luiza Costa;marialuizacosta@gmail.com
18683;Murilo Coimbra;murilocoimbra@gmail.com
18917;Ana Liz Leite;analizleite@gmail.com
19792;Manuela Mendes;manuelamendes@gmail.com
20182;Arthur Gabriel Castro;arthurgabrielcastro@hotmail.com
20328;Ravi Mendes;ravimendes@hotmail.com
20571;Davi Lucca da Gama;daviluccadagama@outlook.com
21388;Isabelly Costa;isabellycosta@outlook.com
22516;Benício Cardoso;beníciocardoso@hotmail.com
22555;Isabella Leite;isabellaleite@gmail.com
22749;Maitê Correia;maitêcorreia@hotmail.com
23476;Davi Lucas Leite;davilucasleite@hotmail.com
23561;Emilly Lopes;emillylopes@gmail.com
23825;Melinda Braga;melindabraga@outlook.com
24203;José da Gama;josedagama@gmail.com
24235;Noah da Veiga;noahdaveiga@hotmail.com
25086;Théo Silva;theosilva@hotmail.com
25641;Olívia Mendes;olíviamendes@hotmail.com
26033;Beatriz Braga;beatrizbraga@outlook.com
26252;Davi Correia;davicorreia@outlook.com
26986;Raul Rodrigues;raulrodrigues@gmail.com
27455;Letícia Castro;leticiacastro@outlook.com
27885;Otávio Correia;otaviocorreia@gmail.com
28312;Maria Helena Braga;mariahelenabraga@hotmail.com
29415;Ana Beatriz Miranda;anabeatrizmiranda@outlook.com
30183;Helena Rodrigues;helenarodrigues@gmail.com
30504;Heloísa Miranda;heloisamiranda@hotmail.com
30732;Liz Correia;lizcorreia@gmail.com
31116;Yasmin Lopes;yasminlopes@hotmail.com
31563;Pérola Coimbra;perolacoimbra@gmail.com
31699;Lucca Sampaio;luccasampaio@hotmail.com
32149;Augusto Henriques;augustohenriques@gmail.com
32766;Enrico Sampaio;enricosampaio@gmail.com
33037;Bryan Correia;bryancorreia@hotmail.com
33352;Ana Júlia Henriques;anajuliahenriques@hotmail.com
35759;Anthony Nunes;anthonynunes@gmail.com
36032;Malu Silva;malusilva@hotmail.com
36497;Lívia Lopes;livialopes@outlook.com
36749;Agatha Coimbra;agathacoimbra@outlook.com
37358;Yuri Thiago Fonseca;yurithiagofonseca@gmail.com
38276;Matheus Lopes;matheuslopes@outlook.com
38461;Ana Vitória Mendes;anavitóriamendes@gmail.com
39495;Maria Eduarda Álvares;mariaeduardaalvares@outlook.com
39591;Bruno Costa;brunocosta@gmail.com
39687;Maria Cecília Leite;mariacecilialeite@outlook.com
39881;Maria Alice Miranda;mariaalicemiranda@gmail.com
40535;João Lucas Guimarães;joaolucasguimaraes@outlook.com
40881;Antônio Cardoso;antoniocardoso@gmail.com
41075;Lucas Gabriel Maranhão;lucasgabrielmaranhao@gmail.com
41477;Thomas Portela;thomasportela@gmail.com
41539;Otto Bragança;ottobragança@hotmail.com
41630;Ana Sophia Rodrigues;anasophiarodrigues@gmail.com
41771;Luiza Portela;luizaportela@outlook.com
42045;Fernanda Cardoso;fernandacardoso@hotmail.com
42434;Lorenzo Maranhão;lorenzomaranhao@gmail.com
42739;Mirella da Veiga;mirelladaveiga@gmail.com
42754;Maria Correia;mariacorreia@gmail.com
42841;Arthur Miguel da Gama;arthurmigueldagama@hotmail.com
43022;Isabel Bragança;isabelbragança@hotmail.com
43028;Daniel Leite;danielleite@outlook.com
43321;Pedro Lucas Correia;pedrolucascorreia@outlook.com
44098;Erick Álvares;erickalvares@gmail.com
45028;Gabriel Leite;gabrielleite@gmail.com
45285;Stella Sampaio;stellasampaio@outlook.com
45845;Miguel Rodrigues;miguelrodrigues@gmail.com
46213;Matteo Sampaio;matteosampaio@outlook.com
46227;Allana Portela;allanaportela@gmail.com
47795;Mariah Bragança;mariahbragança@outlook.com
47801;Heitor Henriques;heitorhenriques@outlook.com
48345;Benjamin Correia;benjamincorreia@hotmail.com
48545;Vicente Correia;vicentecorreia@gmail.com
48646;Roberto Silva;robertosilva@gmail.com
48798;Francisco Silva;franciscosilva@outlook.com
49415;Caleb Bragança;calebbragança@gmail.com
49533;Rafaela Álvares;rafaelaalvares@hotmail.com
50618;João Vitor Lopes;joaovitorlopes@gmail.com
50699;Ryan da Veiga;ryandaveiga@outlook.com
51144;Joana Guimarães;joanaguimaraes@gmail.com
51229;Laís Coimbra;laiscoimbra@hotmail.com
51805;Leonardo Maranhão;leonardomaranhao@outlook.com
52133;Maria Sophia Portela;mariasophiaportela@outlook.com
53180;Mariana Guimarães;marianaguimaraes@gmail.com
53321;Ana Luiza Nunes;analuizanunes@gmail.com
54711;Oliver Albuquerque;oliveralbuquerque@gmail.com
54809;Maria Vitória Henriques;mariavitoriahenriques@gmail.com
54988;Cauã Albuquerque;cauaalbuquerque@hotmail.com
55106;Amanda Correia;amandacorreia@hotmail.com
55899;Maria Flor Cardoso;mariaflorcardoso@outlook.com
55930;Heloise Costa;heloisecosta@gmail.com
56276;Aurora Álvares;auroraalvares@gmail.com
56491;Rebeca Vaz de Caminha;rebecavazdecaminha@gmail.com
56920;Eduarda Albuquerque;eduardaalbuquerque@gmail.com
57223;Gabriela Sampaio;gabrielasampaio@gmail.com
57266;Theodoro Correia;theodorocorreia@outlook.com
57818;Cecília Cardoso;ceciliacardoso@hotmail.com
57827;Bianca da Gama;biancadagama@hotmail.com
57855;Lara Bragança;larabragança@hotmail.com
58422;Valentim Lopes;valentimlopes@hotmail.com
58432;Pietra Braga;pietrabraga@gmail.com
58636;Catarina Albuquerque;catarinaalbuquerque@hotmail.com
60173;João Pedro Mendes;joaopedromendes@outlook.com
60375;Esther Mendes;esthermendes@outlook.com
60946;Isaac Bragança;isaacbragança@hotmail.com
61547;Enzo Henriques;enzohenriques@hotmail.com
61550;Sarah Portela;sarahportela@hotmail.com
61612;Giovanna da Gama;giovannadagama@gmail.com
61673;Ana Lívia da Veiga;analiviadaveiga@outlook.com
61887;Anthony Gabriel Braga;anthonygabrielbraga@gmail.com
62072;João Álvares;joaoalvares@hotmail.com
62433;Ana Fonseca;anafonseca@outlook.com
63695;Bella Álvares;bellaalvares@outlook.com
63882;Maya Fonseca;mayafonseca@gmail.com
64031;Caio Castro;caiocastro@outlook.com
64172;Elisa Maranhão;elisamaranhao@outlook.com
64360;Guilherme Braga;guilhermebraga@outlook.com
64390;Nathan Vaz de Caminha;nathanvazdecaminha@outlook.com
64893;Felipe Rodrigues;feliperodrigues@outlook.com
66213;Ana Laura Bragança;analaurabragança@gmail.com
66236;Bernardo Mendes;bernardomendes@gmail.com
67174;Luiz Miguel Costa;luizmiguelcosta@hotmail.com
68332;João Guilherme Miranda;joaoguilhermemiranda@outlook.com
68638;Vinícius da Veiga;viníciusdaveiga@gmail.com
69924;Kauê Portela;kaueportela@outlook.com
69942;Joaquim da Gama;joaquimdagama@gmail.com
70128;Larissa Guimarães;larissaguimaraes@hotmail.com
70174;Pedro Henrique Miranda;pedrohenriquemiranda@gmail.com
70624;Ícaro Maranhão;icaromaranhao@hotmail.com
70801;Antonella Coimbra;antonellacoimbra@gmail.com
70948;Ana Cecília Maranhão;anaceciliamaranhao@gmail.com
71813;Louise Lopes;louiselopes@outlook.com
71857;Bento Vaz de Caminha;bentovazdecaminha@gmail.com
72361;Gael Fonseca;gaelfonseca@outlook.com
72973;Carolina Henriques;carolinahenriques@outlook.com
74680;Arthur Nunes;arthurnunes@hotmail.com
74986;Nicolas Vaz de Caminha;nicolasvazdecaminha@hotmail.com
75493;Eloá Fonseca;eloafonseca@outlook.com
75569;Lorena Correia;lorenacorreia@hotmail.com
75993;Ana Clara da Veiga;anaclaradaveiga@hotmail.com
77543;Luna Nunes;lunanunes@outlook.com
77710;Hugo Guimarães;hugoguimaraes@gmail.com
78077;Rodrigo Lopes;rodrigolopes@outlook.com
78141;Davi Luiz Silva;daviluizsilva@hotmail.com
78431;Mathias Mendes;mathiasmendes@gmail.com
78444;Breno Guimarães;brenoguimaraes@hotmail.com
78813;Analu Miranda;analumiranda@hotmail.com
79078;Henrique Álvares;henriquealvares@outlook.com
79433;Emanuelly Albuquerque;emanuellyalbuquerque@outlook.com
79781;João Miguel Castro;joaomiguelcastro@gmail.com
79815;Clarice Vaz de Caminha;claricevazdecaminha@outlook.com
79988;Júlia Maranhão;juliamaranhao@gmail.com
81007;Laura Henriques;laurahenriques@outlook.com
83326;Isadora Castro;isadoracastro@gmail.com
83503;Melissa Rodrigues;melissarodrigues@outlook.com
83712;Emanuel Fonseca;emanuelfonseca@hotmail.com
84339;João Gabriel Nunes;joaogabrielnunes@outlook.com
84995;Melina da Gama;melinadagama@gmail.com
85802;Pedro Miguel Vaz de Caminha;pedromiguelvazdecaminha@hotmail.com
85845;Milena Correia;milenacorreia@outlook.com
85910;Marina Guimarães;marinaguimaraes@outlook.com
86856;Eduardo Costa;eduardocosta@outlook.com
86924;Vitória Silva;vitoriasilva@outlook.com
86935;Maria Heloísa Castro;mariaheloisacastro@hotmail.com
87614;Gustavo Albuquerque;gustavoalbuquerque@outlook.com
87954;Derick Leite;derickleite@gmail.com
88512;Vitor Coimbra;vitorcoimbra@outlook.com
88781;Henry Rodrigues;henryrodrigues@hotmail.com
89266;Roberto Coimbra;robertocoimbra@gmail.com
89819;Lucas Costa;lucascosta@gmail.com
89999;Luiz Felipe Bragança;luizfelipebragança@outlook.com
90548;Alícia Cardoso;aliciacardoso@gmail.com
91395;Yan Cardoso;yancardoso@outlook.com
92364;Samuel Portela;samuelportela@outlook.com
92555;Arthur Henrique Correia;arthurhenriquecorreia@hotmail.com
92557;Nicole Rodrigues;nicolerodrigues@hotmail.com
93325;Isis da Gama;isisdagama@outlook.com
93591;Davi Miguel Cardoso;davi miguelcardoso@hotmail.com
94360;Vitor Hugo Miranda;vitorhugomiranda@hotmail.com
94454;Maria Laura Nunes;marialauranunes@hotmail.com
94612;Pedro Miranda;pedromiranda@hotmail.com
96458;Josué Braga;josuebraga@outlook.com
96656;Gabrielly Correia;gabriellycorreia@outlook.com
96874;Martin Coimbra;martincoimbra@hotmail.com
97762;Rafael Guimarães;rafaelguimaraes@gmail.com
97986;Luiz Henrique Álvares;luizhenriquealvares@outlook.com
98969;Enzo Gabriel Portela;enzogabrielportela@hotmail.com
99146;Maria Valentina Maranhão;mariavalentinamaranhao@hotmail.com
99225;Alice Nunes;alicenunes@hotmail.com
99422;Maria Isis Vaz de Caminha;mariaisisvazdecaminha@hotmail.com
99463;Valentina Silva;valentinasilva@hotmail.com